{
    "loss": 0.3668961304587772,
    "accuracy": 0.8819026104417671
}