{
    "loss": 0.17033132530120482,
    "accuracy": 3.606611109162909
}